symptoms,disease,precautions,description
fever cough headache,Flu,Rest and drink fluids; consult a doctor if high fever persists,Influenza-like symptoms
sore throat fever,Common Cold,Rest, warm fluids, and throat lozenges; consult if symptoms worsen,Mild upper respiratory infection
chest pain shortness of breath,Heart Attack,Call emergency services immediately; seek urgent medical care,Severe cardiovascular emergency
headache nausea sensitivity to light,Migraine,Rest in dark room and take prescribed meds; see doctor if severe,Neurological headache disorder
